,ID,Name,Desigination,HEC Approved PHD Supervisor,Highest Education,Email,School,Department,Extension,ImageURL
0,1001,Dr. Muhammad Fayyaz,Assistant Professor & Incharge,1,"Ph.D. (Computer Science), COMSATS University Islamabad, Pakistan (2021)",m.fayyaz@nu.edu.pk,Fast School Of Computing,CS,160,https://cfd.nu.edu.pk/wp-content/uploads/2022/01/12345-235x300.jpg
1,1002,Dr. Muhammad Shahzad,Professor,1,"Ph.D in Computing (RS & GIS) AIT, Thailand, 2012",shahzad.sarfraz@nu.edu.pk,Fast School Of Computing,CS,102,https://cfd.nu.edu.pk/wp-content/uploads/2019/09/PSX_20240307_194751-1-1-235x300.jpg
2,1003,Dr. Muhammad Ahmad,Associate Professor,1,,dr.ahmad@nu.edu.pk,Fast School Of Computing,CS,190,https://cfd.nu.edu.pk/wp-content/uploads/2020/09/5995-e1678167524734-235x300.png
3,1004,Dr. Muhammad Usama,Associate Professor,0,"Post-Doc, Lahore University of Management Sciences (LUMS), Pakistan, 2022
Post-Doc, University of Edinburgh (UoE), UK, 2021
Ph.D. Electrical Engineering, Information Technology University (ITU), Pakistan, 2020
MS Electrical Engineering, National University of Computer and Emerging Sciences (NUCES), Pakistan, 2013
BS Telecommunication Engineering, Govt. College University Faisalabad (GCUF), Pakistan, 2010",m.usama@nu.edu.pk,Fast School Of Computing,CS,311,https://cfd.nu.edu.pk/wp-content/uploads/2022/08/Dr-Usama-235x300.jpg
4,1005,Dr. Iqra Muhammad,Assistant Professor,0,"Ph.D. (Computer Science), 2022
University of Liverpool (Liverpool, UK)",Iqra.Muhammad@nu.edu.pk,Fast School Of Computing,CS,361,https://cfd.nu.edu.pk/wp-content/uploads/2023/12/6742.1-235x300.jpg
5,1006,Dr. Muhammad Umar,Assistant Professor,1,"PhD (Software Engineering), 2020",umar.aftab@nu.edu.pk,Fast School Of Computing,CS,198,https://cfd.nu.edu.pk/wp-content/uploads/2020/09/5994-1-e1678168158795-235x300.png
6,1007,Dr. Muhammad Usman,Assistant Professor,0,"Ph.D. (Computer Science) FAST–NUCES, Chiniot Faisalabad, 2024",usman.joyia@nu.edu.pk,Fast School Of Computing,CS,126,https://cfd.nu.edu.pk/wp-content/uploads/2020/05/PP3-1-1-235x300.jpg
7,1008,Dr. Rabia Maqsood,Assistant Professor,1,"Ph.D. (Computer Science), 2020
University of Milan (Milan, Italy)",rabia.maqsood@nu.edu.pk,Fast School Of Computing,CS,197,https://cfd.nu.edu.pk/wp-content/uploads/2019/09/Dr.-Rabia-Maqsood-235x300.jpg
8,1009,Dr. Usman Ghous,Assistant Professor,0,"Ph.D. (Computer Science) FAST–NUCES, Chiniot Faisalabad, 2024",usman.ghous@nu.edu.pk,Fast School Of Computing,CS,180,https://cfd.nu.edu.pk/wp-content/uploads/2019/09/ghous-235x300.jpg
9,1010,Mr. Adeel Ashraf,Assistant Professor,0,"M.S (Computer Science), NUCES-FAST Islamabad, Pakistan (2008)",adeel.cheema@nu.edu.pk,Fast School Of Computing,CS,171,https://cfd.nu.edu.pk/wp-content/uploads/2019/09/adeel-235x300.jpg
10,1011,Ms. Asma Sattar,Assistant Professor,0,"M.S (Software Engineering), UET Taxila, Pakistan (2015)",asma.sattar@nu.edu.pk,Fast School Of Computing,CS,,https://cfd.nu.edu.pk/wp-content/uploads/2019/09/asra-235x300.jpg
11,1012,Mr. Hafiz Tayyeb,Assistant Professor,0,"PhD (Computer Science), (In Progress) FAST–NUCES, Islamabad, Pakistan",tayyeb.javed@nu.edu.pk,Fast School Of Computing,CS,125,https://cfd.nu.edu.pk/wp-content/uploads/2020/03/Mr.-Hafiz-Tayyab-Javed-Assistant-Professor-235x300.jpg
12,1013,Ms. Maria Maqsood,Assistant Professor,0,"MS (Computer Science), NUCES FAST, Islamabad, Pakistan (2014)",maria.maqsood@nu.edu.pk,Fast School Of Computing,CS,,https://cfd.nu.edu.pk/wp-content/uploads/2019/09/maria-235x300.jpg
13,1014,Mr. Muhammad Atif,Assistant Professor,0,"M.S(Computer Science), Ghulam Ishaq Khan Institute of Engineering Sciences and Technology, Pakistan (2016)",atif.muhammad@nu.edu.pk,Fast School Of Computing,CS,,https://cfd.nu.edu.pk/wp-content/uploads/2019/09/atif-235x300.jpg
14,1015,Ms. Rida Ghafoor,Assistant Professor,0,"M.S(Software Engineering), UET, Taxila, Pakistan (2015)",rida.ghafoor@nu.edu.pk,Fast School Of Computing,CS,,https://cfd.nu.edu.pk/wp-content/uploads/2019/09/rida-235x300.jpg
15,1016,Mr. Rizwan Ul Haq,Assistant Professor,0,"M.S(Computer Science), LUMS, Lahore, Pakistan (2005)",rizwan.haq@nu.edu.pk,Fast School Of Computing,CS,166,https://cfd.nu.edu.pk/wp-content/uploads/2019/09/Mr.-Rizwan-ul-Haq-scaled-e1689926209735-235x300.jpg
16,1017,Ms. Zain Iqbal,Assistant Professor,0,"M.S(Computer Science), FAST NUCES, Lahore, Pakistan (2015)",zain.iqbal@nu.edu.pk,Fast School Of Computing,CS,,https://cfd.nu.edu.pk/wp-content/uploads/2019/09/ZAIN-235x300.jpg
17,1018,Mr. Ahmad Ali,Lecturer,0,"M.S. (Information Technology), 2007
OWL University of Applied Sciences and Arts (Lemgo, Germany)",a.tabassam@nu.edu.pk,Fast School Of Computing,CS,170,https://cfd.nu.edu.pk/wp-content/uploads/2024/01/Ahmad-Ali-Tabassam_with-white-background_high-resolution-235x300.jpeg
18,1019,Mr. Ali Hamza,Lecturer,0,"MS Computer Science, FAST NUCES , 2020
BS (Honors) Information Technology, GCUF, 2017
ICS, Ilm-un-Noor College, Fsd, 2013
Matric A.B Grammer High School, Fsd.",ali.Hamza@nu.edu.pk,Fast School Of Computing,CS,122,https://cfd.nu.edu.pk/wp-content/uploads/2023/08/IMG_6685-235x300.jpg
19,1020,Mr. Ali Raza,Lecturer,0,Bachelor’s in Computer Science BS(CS)  from FAST NUCES Islamabad campus in 2019,aliraza@nu.edu.pk,Fast School Of Computing,CS,272,https://cfd.nu.edu.pk/wp-content/uploads/2021/08/Mr.-Ali-Raza-scaled-e1689926748189-235x300.jpg
20,1021,Ms. Aliza Saeed,Lecturer,0,"Masters of Science in Computer Science (Major: Software Engineering), 2021, FAST- NUCES Islamabad",aliza.saeed@nu.edu.pk,Fast School Of Computing,CS,168,https://cfd.nu.edu.pk/wp-content/uploads/2019/09/5652-235x300.png
21,1022,Ms. Aqsa Younas,Lecturer,0,"Completed MS (CS) from UAF, Faisalabad in 2020",aqsa.younas@nu.edu.pk,Fast School Of Computing,CS,177,https://cfd.nu.edu.pk/wp-content/uploads/2021/09/IMG_7503-removebg-preview-1-e1689145379528-235x300.png
22,1023,Ms. Ayesha Liaqat,Lecturer,0,"Master of Science in Computer Science, 2021, National Textile University (NTU) – Faisalabad",ayesha.liaqat@nu.edu.pk,Fast School Of Computing,CS,167,https://cfd.nu.edu.pk/wp-content/uploads/2020/10/Ayesha-Liaqat-235x300.jpg
23,1024,Ms. Faryal Saud,Lecturer,0,"M.S(Computer Science), FAST-NUCES, Chiniot Faisalabad, Pakistan (2017)",faryal.saud@nu.edu.pk,Fast School Of Computing,CS,178,https://cfd.nu.edu.pk/wp-content/uploads/2019/09/Ms-Faryal-1-scaled-e1712130657183-235x300.jpg
24,1025,Ms. Juhinah Batool,Lecturer,0,"MS (CS), Government College University Faisalabad, 2020.",Juhinah.Batool@nu.edu.pk,Fast School Of Computing,CS,132,https://cfd.nu.edu.pk/wp-content/uploads/2024/01/390A6698-235x300.jpg
25,1026,Ms. Mahzaib Younas,Lecturer,0,"M.S(Computer Science), University of Agriculture, Faisalabad, Pakistan (2022)",mahzaib.Younas@nu.edu.pk,Fast School Of Computing,CS,177,https://cfd.nu.edu.pk/wp-content/uploads/2023/08/6687-235x300.jpg
26,1027,Mr. Masood Habib,Lecturer,0,"PhD (Computer Sciences) In Progress
Dalian University of Technology, Dalian, China",m.habib@nu.edu.pk,Fast School Of Computing,CS,190,https://cfd.nu.edu.pk/wp-content/uploads/2021/03/Masood-Habib-v2-1-235x300.jpeg
27,1028,Mr. Mazhar Hussain,Lecturer,0,"M.S (Computer Science), 2019
FAST-NUCES, Chiniot Faisalabad, Pakistan",mazhar.h@nu.edu.pk,Fast School Of Computing,CS,,https://cfd.nu.edu.pk/wp-content/uploads/2019/09/mma-235x300.jpg
28,1029,Ms. Momna Javaid,Lecturer,0,"MS Computer Science, FAST NUCES, 2022
BS Computer Science, FAST NUCES, 2020",Momna.Javaid@nu.edu.pk,Fast School Of Computing,CS,159,https://cfd.nu.edu.pk/wp-content/uploads/2023/08/Momna-javed-scaled-e1692359459274-235x300.jpg
29,1030,Mr. Mughees Ismail,Lecturer,0,"Master of Science (Computer Science), FAST NUCES, Pakistan (2023) – GOLD MEDAL",mughees.ismail@nu.edu.pk,Fast School Of Computing,CS,292,https://cfd.nu.edu.pk/wp-content/uploads/2019/09/P2-235x300.jpg
30,1031,Mr. Muhammad Adeel,Lecturer,0,"MS Computer Science, FAST NUCES , 2020
BS Computer Science, University of South Asia,Lahore, 2017
ICS, BISE Fsd, 2013
Matric , Fsd, 2011",m.adeel@nu.edu.pk,Fast School Of Computing,CS,180,https://cfd.nu.edu.pk/wp-content/uploads/2023/08/IMG_6685-2-235x300.jpg
31,1032,Mr. Muhammad Hannan,Lecturer,0,"MS (Computer Science), National University of Computer and Emerging Sciences (Pakistan), 2023",hannan.farooq@nu.edu.pk,Fast School Of Computing,CS,176,https://cfd.nu.edu.pk/wp-content/uploads/2020/09/WhatsApp_Image_2023-10-17_at_16.09.19_51d0d4a4-removebg-preview-235x300.png
32,1033,Mr. Muhammad Haseeb,Lecturer,0,"Masters in Computer Science, 2020",haseeb.arshad@nu.edu.pk,Fast School Of Computing,CS,149,https://cfd.nu.edu.pk/wp-content/uploads/2021/09/Haseeb-Arshad-e1689677992262-235x300.png
33,1034,Mr. Muhammad Shahbaz,Lecturer,0,MS Computer Science from University of Gujrat,Shahbaz.Ayyaz@nu.edu.pk,Fast School Of Computing,CS,176,https://cfd.nu.edu.pk/wp-content/uploads/2022/08/IMG_1367-scaled-e1660978839644-235x300.jpg
34,1035,Mr. Muhammad Suffian,Lecturer,0,"MS (CS), Mohammad Ali Jinnah University, Karachi Pakistan (2018)",m.suffian@nu.edu.pk,Fast School Of Computing,CS,,https://cfd.nu.edu.pk/wp-content/uploads/2020/03/Mr.-Muhammad-Suffian-Lecturer-235x300.jpg
35,1036,Mr. Muiz Qadir,Lecturer,0,"Masters in Computer Science, 2021. (University of Sargodha)",muiz.qadir@nu.edu.pk,Fast School Of Computing,CS,219,https://cfd.nu.edu.pk/wp-content/uploads/2021/08/Mr.-Muiz-Qadir-scaled-e1689924430683-235x300.jpg
36,1037,Ms. Nasreen Akhtar,Lecturer,0,"M.S(Computer Science), University of Agriculture, Peshawar, Pakistan (2015)",nasreen.akhtar@nu.edu.pk,Fast School Of Computing,CS,167,https://cfd.nu.edu.pk/wp-content/uploads/2019/09/nasreeen-235x300.jpg
37,1038,Ms. Saba Aslam,Lecturer,0,"MPhil in Computer Science (Major: Computer Science), 2018
Xiamen University, Xiamen, China
Bachelor in Software Engineering, 2015
GCUF, Faisalabad, Pakistan",saba.aslam@nu.edu.pk,Fast School Of Computing,CS,177,https://cfd.nu.edu.pk/wp-content/uploads/2021/02/ID-pic-with-white-background-235x300.jpg
38,1039,Ms. Saba Ghani,Lecturer,0,,saba.ghani@nu.edu.pk,Fast School Of Computing,CS,172,https://cfd.nu.edu.pk/wp-content/uploads/2019/10/Ms.-Saba-Ghani-Lecturer-1-235x300.jpg
39,1040,Ms. Saba Naseem,Lecturer,0,"Master of Science in Computer Science (Major: NLP), 2021, National Textile University (NTU), Faisalabad",saba.naseem@nu.edu.pk,Fast School Of Computing,CS,169,https://cfd.nu.edu.pk/wp-content/uploads/2022/02/Ms.-Saba-Naseem-scaled-e1689925989566-235x300.jpg
40,1041,Mr. Saqib Hayat,Lecturer,0,"M.S. Computer Science, NUCES-FAST, CFD, Pakistan (2019)",saqib.hayat@nu.edu.pk,Fast School Of Computing,CS,,https://cfd.nu.edu.pk/wp-content/uploads/2019/09/saqib-235x300.jpg
41,1042,Ms. Sumaira Mustafa,Lecturer,0,"Masters of Science in Computer Science (Major: Computer Networks), 2021, FAST- NUCES Islamabad",sumaira.mustafa@nu.edu.pk,Fast School Of Computing,CS,168,https://cfd.nu.edu.pk/wp-content/uploads/2019/09/5653-1-e1678358103205-235x300.jpg
42,1043,Ms. Wania Fatima,Lecturer,0,"Masters of Science in Computer Science, 2024, FAST- NUCES.",wania.fatima@nu.edu.pk,Fast School Of Computing,CS,167,https://cfd.nu.edu.pk/wp-content/uploads/2024/08/WhatsApp-Image-2024-08-08-at-12.31.59-PM-235x300.jpeg
43,1044,Ms. Amna Waheed,Instructor,0,"MS (Computer Science), FAST NUCES, Lahore 2022",Amna.Waheed@nu.edu.pk,Fast School Of Computing,CS,283,https://cfd.nu.edu.pk/wp-content/uploads/2024/01/Ms-Amna-Waheed-235x300.jpg
44,1045,Ms. Areeba Waseem,Instructor,0,"BS Computer Science, FAST NUCES, 2021
MS Computer Science, FAST NUCES, 2023",Areeba.Waseem@nu.edu.pk,Fast School Of Computing,CS,,https://cfd.nu.edu.pk/wp-content/uploads/2023/08/Areeba-Waseem-scaled-e1692359315131-235x300.jpg
45,1046,Ms. Gul E,Instructor,0,"Bachelors of Science in Electrical Engineering (Specialization: Computer Engineering) 2023, Fast – NUCES",Gul.Zahra@nu.edu.pk,Fast School Of Computing,CS,301,https://cfd.nu.edu.pk/wp-content/uploads/2024/01/Zahra-6836-235x300.jpg
46,1047,Mr. Hassan Ahmed,Instructor,0,"MS (Computer Science ) University of Wah, Wah Cantt, Pakistan, 2024",hassan.ahmed@nu.edu.pk,Fast School Of Computing,CS,,https://cfd.nu.edu.pk/wp-content/uploads/2024/08/Mr-Hassan-scaled-e1723718583207-235x300.jpg
47,1048,Ms. Kashaf Shakoor,Instructor,0,"BS Computer Science from NFC Institute of Engineering & Technology, Multan",kashaf.shakoor@nu.edu.pk,Fast School Of Computing,CS,172,https://cfd.nu.edu.pk/wp-content/uploads/2022/08/IMG_1378-scaled-e1660979644914-235x300.jpg
48,1049,Ms. Maham Saleem,Instructor,0,"MS (Computer Science), National Textile University, FSD (Pakistan), 2022",Maham.Saleem@nu.edu.pk,Fast School Of Computing,CS,572,https://cfd.nu.edu.pk/wp-content/uploads/2024/01/Ms-Maham-Saleem-235x300.jpg
49,1050,Ms. Rabia Anwar,Instructor,0,,rabia.anwar@nu.edu.pk,Fast School Of Computing,CS,283,https://cfd.nu.edu.pk/wp-content/uploads/2024/01/Ms-Rabia-Anwar-235x300.jpg
50,1051,Mr. Rana Mobeen,Instructor,0,"BS Computer Engineering, University of Engineering and Technology(KICSIT), Taxila, Pakistan",mubeen.tariq@nu.edu.pk,Fast School Of Computing,CS,324,https://cfd.nu.edu.pk/wp-content/uploads/2022/08/IMG_1369-scaled-e1660979151429-235x300.jpg
51,1052,Ms. Samia Mujahid,Instructor,0,"MS (Computer Science),  Government College University Faisalabad, 2023",Samia.Mujahid@nu.edu.pk,Fast School Of Computing,CS,283,https://cfd.nu.edu.pk/wp-content/uploads/2024/01/6766-235x300.jpg
52,1053,Mr. Talha Arif,Instructor,0,"M.S(Computer Science), FAST-NUCES, Chiniot Faisalabad, Pakistan (2024)",m.talha@nu.edu.pk,Fast School Of Computing,CS,304,https://cfd.nu.edu.pk/wp-content/uploads/2024/08/Untitled-3-copy-235x300.jpg
0,1054,Dr. Qamar uz,Assistant Professor & Incharge,1,"PhD, Capital University of Science and Technology (CUST), Islamabad, Pakistan",qamar.zaman@nu.edu.pk,Fast School Of Computing,SE,376,https://cfd.nu.edu.pk/wp-content/uploads/2022/08/Dr-Qamar-e1720783513639-235x300.jpeg
1,1055,Dr. Affan Rauf,Assistant Professor,0,"Ph.D. (Computer Science), 2019",affan.rauf@nu.edu.pk,Fast School Of Computing,SE,127,https://cfd.nu.edu.pk/wp-content/uploads/2020/05/5906-e1646889042179-235x300.jpg
2,1056,Dr. Sajid Anwer,Assistant Professor,1,"PhD, Griffith University, Brisbane, Australia, 2021",sajid.anwer@nu.edu.pk,Fast School Of Computing,SE,118,https://cfd.nu.edu.pk/wp-content/uploads/2022/02/Sajid_Anwar-removebg-preview-e1692944241540-235x300.png
3,1057,Dr. Shanza Abbas,Assistant Professor,0,,shanza.abbas@nu.edu.pk,Fast School Of Computing,SE,304,https://cfd.nu.edu.pk/wp-content/uploads/2023/02/Dr-Shanza-235x300.jpg
4,1058,Ms. Anmol Bilal,Lecturer,0,"MS (Software Engineering), 2020",,Fast School Of Computing,SE,,https://cfd.nu.edu.pk/wp-content/uploads/2020/09/5433-removebg-preview-235x300.png
5,1059,Mr. Awais Azam,Lecturer,0,,awais.azam@nu.edu.pk,Fast School Of Computing,SE,199,https://cfd.nu.edu.pk/wp-content/uploads/2020/03/awaisNU-235x300.jpeg
6,1060,Ms. Farwa Ahmad,Lecturer,0,,farwa.ahmad@nu.edu.pk,Fast School Of Computing,SE,572,https://cfd.nu.edu.pk/wp-content/uploads/2023/02/Farwa-Ahmad-235x300.jpg
7,1061,Mr. Fraz Zaheer,Lecturer,0,"MS Computer Science (Major: Software Engineering), 2022, FAST- NUCES CFD",fraz.zaheer@nu.edu.pk,Fast School Of Computing,SE,180,https://cfd.nu.edu.pk/wp-content/uploads/2024/08/Picture-e1723545458946-235x300.png
8,1062,Mr. Jawad Khalid,Lecturer,0,"MS, Computer Sciences, Lahore University of Management Sciences, 2014
BS, Telecommunication Engineering, 2008
E-Commerece Solutions, Engineering Manager (Dev Ops and QA), 2021",jawad.khalid@nu.edu.pk,Fast School Of Computing,SE,286,https://cfd.nu.edu.pk/wp-content/uploads/2023/09/6400-1-scaled-e1694493735260-235x300.jpg
9,1063,Ms. Nabeela Ashraf,Lecturer,0,"MS Computer Sciences, National Textile University, Faisalabad
BS Computer Sciences, National Textile University, Faisalabad",nabeela.ashraf@nu.edu.pk,Fast School Of Computing,SE,172,https://cfd.nu.edu.pk/wp-content/uploads/2022/08/IMG_1374-scaled-e1660976336764-235x300.jpg
10,1064,Ms. Sahar Ajmal,Lecturer,0,"MS (Computer Science), Specialization: Data Sciences, FAST-National University of Computer and Emerging Sciences, CFD, Pakistan.",sahar.ajmal@nu.edu.pk,Fast School Of Computing,SE,196,https://cfd.nu.edu.pk/wp-content/uploads/2022/08/94edaadb-2cc8-4fc1-9e0e-c4a15aa7a4bf-1-e1724911662509-235x300.jpg
11,1065,Mr. Tahir Farooq,Lecturer,0,"M.S(Computer Science), National Textile University, Faisalabad , Pakistan (2016)",Tahir.farooq@nu.edu.pk,Fast School Of Computing,SE,174,https://cfd.nu.edu.pk/wp-content/uploads/2019/09/tahir-235x300.jpg
12,1066,Ms. Tehreem Aslam,Lecturer,0,"MS (Software Engineering), 2019",tehreem.aslam@nu.edu.pk,Fast School Of Computing,SE,179,https://cfd.nu.edu.pk/wp-content/uploads/2020/05/5891-removebg-preview-235x300.png
13,1067,Mr. Umer Iqbal,Lecturer,0,"MS(CS) (Bronze Medal), FAST-NUCES, CFD Campus",iqbal.umer@nu.edu.pk,Fast School Of Computing,SE,149,https://cfd.nu.edu.pk/wp-content/uploads/2022/08/Umer-Iqbal-1-235x300.jpg
14,1068,Ms. Samia Aziz,Instructor,0,"MS Computer Science, FAST-NUCES CFD, 2022",samia.aziz@nu.edu.pk,Fast School Of Computing,SE,153,https://cfd.nu.edu.pk/wp-content/uploads/2023/02/Samia_Aziz-1-removebg-preview-235x300.png
15,1069,Mr. Saqib Ameer,Instructor,0,"MS Computer Science, University of Agriculture Faisalabad, 2018",saqib.ameer@nu.edu.pk,Fast School Of Computing,SE,286,https://cfd.nu.edu.pk/wp-content/uploads/2023/02/Saqib_Ameer-removebg-preview-235x300.png
0,1061,Dr. Hashim Yasin,Assistant Professor & Incharge,1,"Ph.D. (Computer Science), University of Bonn, Germany (2016)",hashim.yasin@nu.edu.pk,Fast School Of Computing,DS,580,https://cfd.nu.edu.pk/wp-content/uploads/2019/09/hashim-235x300.jpg
1,1062,Dr. Anwar Shah,Assistant Professor,1,"PhD Computer Sciences, FAST-NUCES, Peshawar",Anwar.Shah@nu.edu.pk,Fast School Of Computing,DS,131,https://cfd.nu.edu.pk/wp-content/uploads/2022/08/IMG_1381-scaled-e1660974348817-235x300.jpg
2,1063,Mr. Asif Ameer,Lecturer,0,"MS (Computer Science), 2018",asif.ameer@nu.edu.pk,Fast School Of Computing,DS,582,https://cfd.nu.edu.pk/wp-content/uploads/2020/05/Mr.-Asif-Ameer-Lecturer-235x300.jpg
3,1064,Mr. Muhammad Yousaf,Lecturer,0,"MS (Computer Science) FAST-NUCES, Peshawar (2021)
BS (Computer Science) FAST-NUCES, Peshawar (2015)",muhammad.yousaf@nu.edu.pk,Fast School Of Computing,DS,170,https://cfd.nu.edu.pk/wp-content/uploads/2021/09/Mr.-Yousaf-scaled-e1689926475297-235x300.jpg
4,1065,Ms. Rukhsana Zafar,Lecturer,0,"MS Data Science, National University of Sciences & Technology (NUST) Islamabad, Pakistan (2020)",rukhsana.zafar@nu.edu.pk,Fast School Of Computing,DS,,https://cfd.nu.edu.pk/wp-content/uploads/2024/08/Ms-Rukhsana-Zafar-235x300.jpg
5,1066,Ms. Isma Waheed,Instructor,0,"MS (CS), GCUF 2019",isma.waheed@nu.edu.pk,Fast School Of Computing,DS,,https://cfd.nu.edu.pk/wp-content/uploads/2024/08/Ms-Isma-scaled-e1723717792710-235x300.jpg
0,1067,Dr. M. Shoaib,Professor & HOD,1,"Post-Doc (Re-configuration of Islanded Power Systems/Microgrids), Huazhong University of Science and Technology (HUST), China. (2017)
Ph.D (Electrical Engineering), Huazhong University, China (2015)
M.S (Electronic, Electrical Control & Instrumentation), Hanyang University, South Korea (2010)
M.S (Engineering Management), UET, Taxila, Pakistan (2005)
B.Sc (Electronic Engineering), NED University, Karachi, Pakistan (2001)",shoaib.khalid@nu.edu.pk,Fast School Of Engineering,Elecrical Engineering,140,https://cfd.nu.edu.pk/wp-content/uploads/2019/09/Dr.-Muhammad-Shoaib-Khalid-Associate-Professor-235x300.jpg
1,1068,Dr. Gufran Khan,Professor,1,"Ph.D(EE (Wireless Communications)), Blekinge Institute Of Technology, Sweden (2011)
M.Sc(EE (Signal Processing)), Blekinge Institute Of Technology, Sweden (2005)
B.Sc(Electrical Engineering), University of Engineering & Technology, Lahore, Pakistan (2003)",m.gufran@nu.edu.pk,Fast School Of Engineering,Elecrical Engineering,142,https://cfd.nu.edu.pk/wp-content/uploads/2019/09/9118-removebg-preview-235x300.png
2,1069,Dr. Arslan Ahmed,Associate Professor,1,"Ph.D. Electrical Engineering (Control Systems), 2020",arslan.amin@nu.edu.pk,Fast School Of Engineering,Elecrical Engineering,148,https://cfd.nu.edu.pk/wp-content/uploads/2019/09/5728-235x300.jpg
3,1070,Dr. Adil Zulfiqar,Assistant Professor,1,"PhD (Electronic Engineering) City University of Hong Kong (Hong Kong), 2018",adil.zulfiqar@nu.edu.pk,Fast School Of Engineering,Elecrical Engineering,143,https://cfd.nu.edu.pk/wp-content/uploads/2020/02/5896-removebg-preview-235x300.png
4,1071,Dr. Muhammad Adnan,Assistant Professor,1,"PhD (Electrical Engineering), 2020 FAST, NUCES, Peshawar Campus (Pakistan)",m.adnan@nu.edu.pk,Fast School Of Engineering,Elecrical Engineering,132,https://cfd.nu.edu.pk/wp-content/uploads/2020/07/5894-removebg-preview-235x300.png
5,1072,Mr. Amir Zahoor,Assistant Professor,0,"M.S(Electrical Engineering), Blekinge Institute of Technology, Sweden (2013)
B.Sc(Telecomunication Engineering), Government College University, Faisalabad, Pakistan (2009)",amir.zahoor@nu.edu.pk,Fast School Of Engineering,Elecrical Engineering,150,https://cfd.nu.edu.pk/wp-content/uploads/2019/09/9407-removebg-preview-235x283.png
6,1073,Mr. Habib Ullah,Assistant Professor,0,"M.Sc(Communication Engineering), University Of Manchester, United Kingdom (2012)
B.S(Telecommunication Engineering), NUCES-FAST Islamabad, Pakistan (2010)",habib.wattoo@nu.edu.pk,Fast School Of Engineering,Elecrical Engineering,,https://cfd.nu.edu.pk/wp-content/uploads/2019/09/9095.jpg
7,1074,Mr. M. Irfan,Assistant Professor,0,"M.S(Signal Processing & Wave Propagation), Linnaeus University, Sweden (2012)
B.S(Electronics Engineering), NUST, Islamabad, Pakistan (2009)",Irfan.ishaq@nu.edu.pk,Fast School Of Engineering,Elecrical Engineering,144,https://cfd.nu.edu.pk/wp-content/uploads/2019/09/5269-235x300.jpg
8,1075,Mr. Ameer Hamza,Lecturer,0,"M. Sc(Mechanical Engineering ), UET Lahore (2019)
B. Sc(Mechanical Engineering), UET Taxila (2016)",ameer.hamza@nu.edu.pk,Fast School Of Engineering,Elecrical Engineering,,https://cfd.nu.edu.pk/wp-content/uploads/2019/10/Ameer-Hamza-235x300.jpg
9,1076,Ms. Amna Saghir,Lecturer,0,,amna.saghir@nu.edu.pk,Fast School Of Engineering,Elecrical Engineering,301,https://cfd.nu.edu.pk/wp-content/uploads/2024/08/New-Doc-2024-07-21-14.32.32_1-235x300.jpg
10,1077,Ms. Bakhtawar Saeed,Lecturer,0,M.Sc (Computer Engineering) UET Taxila 2024,bakhtawar.saeed@nu.edu.pk,Fast School Of Engineering,Elecrical Engineering,301,https://cfd.nu.edu.pk/wp-content/uploads/2024/08/Ms-Bakhtawar-1-scaled-e1723718112200-235x300.jpg
11,1078,Mr. M. Abdullah,Lecturer,0,"M.S(Electrical( Control Systems )), UET, Lahore, Pakistan (2017)",muhammad.abdullah@nu.edu.pk,Fast School Of Engineering,Elecrical Engineering,145,https://cfd.nu.edu.pk/wp-content/uploads/2019/09/9112-removebg-preview-235x300.png
12,1079,Mr. Sajid Iqbal,Lecturer,0,"M.Sc( Electrical Engineering), King Fahad University of Petroleum and Minerals, Saudia Arabia (2015)
B.S(Telecomunication Engineering), NUCES Karachi, Pakistan (2011)",iqbal.sajid@nu.edu.pk,Fast School Of Engineering,Elecrical Engineering,133,https://cfd.nu.edu.pk/wp-content/uploads/2019/09/4713-235x300.jpg
13,1080,Ms. Ayesha Nadeem,Lab Engineer,0,"B.S(Electrical Engineering), FAST-NUCES, Chiniot Faisalabad, Pakistan (2024)",ayesha.nadeem@nu.edu.pk,Fast School Of Engineering,Elecrical Engineering,,https://cfd.nu.edu.pk/wp-content/uploads/2024/08/Ms-Aisha-1-235x300.jpg
14,1081,Mr. Hafiz Muhammad,Lab Engineer,0,,m.qasim@nu.edu.pk,Fast School Of Engineering,Elecrical Engineering,340,https://cfd.nu.edu.pk/wp-content/uploads/2024/08/Hafiz-Muhammad-Qasim-235x300.jpg
15,1082,Mr. Muhammad Faisal,Lab Engineer,0,BS Electrical Engineering (Power System Engineering) 2016-2020,faisal.hayat@nu.edu.pk,Fast School Of Engineering,Elecrical Engineering,328,https://cfd.nu.edu.pk/wp-content/uploads/2022/01/Faisal-Hayat-e1692771089131-235x300.png
0,1080,Dr. Mushtaq Ahmad,Associate Professor & HOD,1,"PhD. (Mathematics), FAST-NUCES Lahore",mushtaq.sial@nu.edu.pk,Fast School of Sciences & Humanities,Sciences & Humanities,270,https://cfd.nu.edu.pk/wp-content/uploads/2021/06/Dr.-Mushtaq-Sial-Assistant-Professor-235x300.jpg
1,1081,Dr. Haris Khurram,Assistant Professor,1,"PhD (Statistics), Bahauddin Zakariya University, Multan, Pakistan (2016-2021)
MPhil (Statistics), Bahauddin Zakariya University, Multan, Pakistan (2014-2016)
MSc (Statistics), Bahauddin Zakariya University, Multan, Pakistan (2012-2014)",haris.khurram@nu.edu.pk,Fast School of Sciences & Humanities,Sciences & Humanities,278,https://cfd.nu.edu.pk/wp-content/uploads/2019/09/haris-1-217x276.jpg
2,1082,Mr. Amjad Hussain,Assistant Professor,0,"M.Phil(Mathematics), Quaid-e-Azam University (QAU), Islamabad , Pakistan (2009)
M.Sc(Mathematics), Quaid-e-Azam University (QAU), Islamabad , Pakistan (2007)
B.Sc(Mathematics), University of Punjab, Lahore, Pakistan (2005)",amjad.haider@nu.edu.pk,Fast School of Sciences & Humanities,Sciences & Humanities,193,https://cfd.nu.edu.pk/wp-content/uploads/2019/09/amjad-235x300.jpg
3,1083,Dr. Arfan Shahzad,Assistant Professor,0,"Ph.D (Mathematics) Government College University Faisalabad, 2023",arfan.shahzad@nu.edu.pk,Fast School of Sciences & Humanities,Sciences & Humanities,277,https://cfd.nu.edu.pk/wp-content/uploads/2021/06/Mr-Arfan-Shahzad-Assistant-Professor-235x300.jpg
4,1084,Mr. M. Nouman,Assistant Professor,0,"MBA, Abu Dhabi University, United Arab Emirates (2010)
M.A(English), Bahauddin Zakriya University, Pakistan (2001)",nouman.iftikhar@nu.edu.pk,Fast School of Sciences & Humanities,Sciences & Humanities,196,https://cfd.nu.edu.pk/wp-content/uploads/2019/09/4925-235x300.png
5,1085,Ms. Munaza Akhter,Assistant Professor,0,"M.Phil(English), International Islamic University, Pakistan (2012)",munaza.akhter@nu.edu.pk,Fast School of Sciences & Humanities,Sciences & Humanities,194,https://cfd.nu.edu.pk/wp-content/uploads/2019/09/Munaza-Akhter-1-1-235x300.jpg
6,1086,Ms. Anoosha Rehan,Lecturer,0,"Master’s  (Clinical Psychology), Forman Christian College University (FCCU) 2023",anoosha.rehan@nu.edu.pk,Fast School of Sciences & Humanities,Sciences & Humanities,,https://cfd.nu.edu.pk/wp-content/uploads/2024/08/6940-scaled-e1723716512860-235x300.jpg
7,1087,Ms. Ghilmana Sarmad,Lecturer,0,"M.S(Mathematics), NUST, Pakistan (2016)
B.S(Mathematics), NUST, Pakistan (2014)",ghilmana.sarmad@nu.edu.pk,Fast School of Sciences & Humanities,Sciences & Humanities,,https://cfd.nu.edu.pk/wp-content/uploads/2019/09/gilmana-233x300-removebg-preview.png
8,1088,Mr. Hayat Ali,Lecturer,0,"MS Mathematics (2018), COMSATS University Islamabad, Pakistan.
M.Sc. Mathematics (2015), Government College University Faisalabad, Pakistan.
B.Sc. Math & Physics (2012), University of the Punjab Lahore, Pakistan.",hayat.ali@nu.edu.pk,Fast School of Sciences & Humanities,Sciences & Humanities,175,https://cfd.nu.edu.pk/wp-content/uploads/2019/10/5846-removebg-preview-235x300.png
9,1089,Mr. Khalid Mehmood,Lecturer,0,"M.Phil(English Literature), GCUF, 2019",Khalid.Anjum@nu.edu.pk,Fast School of Sciences & Humanities,Sciences & Humanities,259,https://cfd.nu.edu.pk/wp-content/uploads/2023/03/02-1-235x300.jpg
10,1090,Mr. Muhammad Iqbal,Lecturer,0,"M.Phil. (Linguistics), The Islamia University of Bahawalpur, Punjab, Pakistan (2016)",iqbal.m@nu.edu.pk,Fast School of Sciences & Humanities,Sciences & Humanities,282,https://cfd.nu.edu.pk/wp-content/uploads/2021/02/IMG_8576-scaled-e1696404108172-235x300.jpg
11,1091,Mr. Muhammad Munawar,Lecturer,0,"MS(Math), COMSATS University, Islamabad, 2015",m.munawar@nu.edu.pk,Fast School of Sciences & Humanities,Sciences & Humanities,283,https://cfd.nu.edu.pk/wp-content/uploads/2023/03/Muhammad-Munawar-235x300.jpg
12,1092,Mr. Muhammad Shoaib,Lecturer,0,"MS(Math), FAST NUCES, Lahore, 2019",m.shoaib@nu.edu.pk,Fast School of Sciences & Humanities,Sciences & Humanities,283,https://cfd.nu.edu.pk/wp-content/uploads/2023/03/Muhammad-Shoaib-235x300.jpg
13,1093,Ms. Rida Akram,Lecturer,0,M.Phil. from Riphah International University (2017-2019),rida.akram@nu.edu.pk,Fast School of Sciences & Humanities,Sciences & Humanities,282,https://cfd.nu.edu.pk/wp-content/uploads/2022/01/6278-1-scaled-e1695639584543-235x300.jpg
14,1094,Ms. Rimsha Bashir,Lecturer,0,"MPhil. (Physics) 2018, University of Agriculture, Faisalabad",rimsha.bashir@nu.edu.pk,Fast School of Sciences & Humanities,Sciences & Humanities,282,https://cfd.nu.edu.pk/wp-content/uploads/2022/01/Rimsha-Bashir-Awan-e1643001886547-235x300.jpg
15,1095,Mr. Rizwan Ullah,Lecturer,0,"Master in Arts (Islamic Studies) Islamic University Bahawalpur (1998)
Bachelor in Arts,Islamic University Bahawalpur, 1994
F.Sc. Bahawalpur Board, 1992",rizwan.ullah@nu.edu.pk,Fast School of Sciences & Humanities,Sciences & Humanities,260,https://cfd.nu.edu.pk/wp-content/uploads/2023/08/WhatsApp-Image-2023-08-23-at-12.42.28-235x300.jpeg
16,1096,Ms. Sadia Ashfaq,Lecturer,0,"English, Forman Christian College (FCC) Lahore, Pakistan (2018)
English Language & Literature, National University of Modern Languages (NUML), Pakistan (2013)",Sadia.ashfaq@nu.edu.pk,Fast School of Sciences & Humanities,Sciences & Humanities,,https://cfd.nu.edu.pk/wp-content/uploads/2019/09/SADIA-235x300.jpg
17,1097,Ms. Zainab Mubarik,Lecturer,0,"MS(Applied Linguistics), FAST NUCES, Lahore, 2021",zainab.mubarik@nu.edu.pk,Fast School of Sciences & Humanities,Sciences & Humanities,281,https://cfd.nu.edu.pk/wp-content/uploads/2023/03/Zainab-Mubarik-235x300.jpg
18,1098,Ms. Zartash Naqvi,Lecturer,0,MS in Clinical Psychology from Government College University Faisalabad (2014-2016),zartash.naqvi@nu.edu.pk,Fast School of Sciences & Humanities,Sciences & Humanities,,https://cfd.nu.edu.pk/wp-content/uploads/2022/08/IMG_1376-1-235x300.jpg
19,1099,Mr. Muhammad Hasnain,Instructor,0,"BS(English Literature and Linguistics), Bacha Khan University, Charsadda, 2021",hasnain.khan@nu.edu.pk,Fast School of Sciences & Humanities,Sciences & Humanities,280,https://cfd.nu.edu.pk/wp-content/uploads/2023/03/Muhammad-Hasnain-Khan-235x300.jpg
20,1100,Mr. Muhammad Usama,Instructor,0,"BS (English Literature and Linguistics), GCUF, 2021",usama.ashfaq@nu.edu.pk,Fast School of Sciences & Humanities,Sciences & Humanities,280,https://cfd.nu.edu.pk/wp-content/uploads/2023/03/Muhammad-Usama-235x300.jpg
0,1101,Dr. Gulfam Haider,Assistant Professor & Incharge,0,"PhD (Econometrics), International Islamic University, Pakistan (2021)
MPhil (Econometrics), International Islamic University, Pakistan (2012)
MSc (Economics), G.C University Faisalabad, Pakistan (2006)
BSc (Mathematics/ Statistics & Economics), Government Municipal Degree College Faisalabad, Pakistan (2004)",haider.gulfam@nu.edu.pk,Fast School Of Management ,Management,250,https://cfd.nu.edu.pk/wp-content/uploads/2019/09/gul-235x300.jpg
1,1102,Dr. Muhammad Rafiq,Associate Professor,0,"PhD Business Administration, North China Electric Power University (NCEPU) Beijing, China (2020)",,Fast School Of Management ,Management,258,https://cfd.nu.edu.pk/wp-content/uploads/2024/08/Dr-M-Rafiq-1-235x300.jpg
2,1103,Dr. Misbah Hayat,Assistant Professor,0,,misbah.hayat@nu.edu.pk,Fast School Of Management ,Management,,https://cfd.nu.edu.pk/wp-content/uploads/2024/08/Ms-Misbah-scaled-e1724412304464-235x300.jpg
3,1104,Dr. Saifullah,Assistant Professor,0,,drsaif.ullah@nu.edu.pk,Fast School Of Management ,Management,264,https://cfd.nu.edu.pk/wp-content/uploads/2024/08/Dr-Saif-Ullah-scaled-e1724412630605-235x300.jpg
4,1105,Mr. Syed Zeeshan,Assistant Professor,0,"M.S(Marketing), UET, Lahore, Pakistan (2016)
MBA(Marketing), University Of Central Punjab, Pakistan (2009)",zeeshan.syed@nu.edu.pk,Fast School Of Management ,Management,266,https://cfd.nu.edu.pk/wp-content/uploads/2019/09/9158-235x300.jpg
5,1106,Mr. Ahmad Salah,Lecturer,0,"Passed CFA Level 1 Exam, CFA Institute, Charlottesville.",ahmad.salah@nu.edu.pk,Fast School Of Management ,Management,256,https://cfd.nu.edu.pk/wp-content/uploads/2023/08/Passport-Size-Picture-1-e1693468701408-235x300.jpg
6,1107,Ms. Amna Babar,Lecturer,0,"MS, Innovation and Entrepreneurship, 2022
BBA, FAST NUCES, 2018
A Levels, Beacon House School System, 2014
O Levels, 2012",amna.Tirmizey@nu.edu.pk,Fast School Of Management ,Management,,https://cfd.nu.edu.pk/wp-content/uploads/2023/08/Passport_Size_Picture-1-e1712131003936.jpg
7,1108,Mr. Hafiz Muhammad,Lecturer,0,"MBA, FAST National University of computer and emerging sciences, Pakistan (2017)",Zeeshan.raza@nu.edu.pk,Fast School Of Management ,Management,265,https://cfd.nu.edu.pk/wp-content/uploads/2019/09/9253-235x300.jpg
8,1109,Mr. Muhammad Nasif,Lecturer,0,"M.S(Finance), Air University, Islamabad, Pakistan (2015)
M.Com(Finance), Islamia University of Bahawalpur, Pakistan (2010)
B.Com(Accounts), Islamia University of Bahawalpur, Pakistan (2007)",m.nasif@nu.edu.pk,Fast School Of Management ,Management,261,https://cfd.nu.edu.pk/wp-content/uploads/2019/09/Muhammad-Nasif-scaled-e1646721190788-235x300.jpg
