ID,Name,Desigination,HEC Approved PHD Supervisor,Highest Education,Email,School,Department,Extension,ImageURL
Not Available,Prof. Dr. Zulfiqar Ali Memon ,Professor & Director,1, ,zulfiqar.memon@nu.edu.pk,Fast School Of Computing,CS,213,https://khi.nu.edu.pk/wp-content/uploads/2023/01/Dr.-Zulfiqar-New-Image-287x300.jpg
Not Available,Dr. Muhammad Atif Tahir,Professor & Head of School (FSC),1, ,atif.tahir@nu.edu.pk,Fast School Of Computing,CS,214,https://khi.nu.edu.pk/wp-content/uploads/2023/01/Prof.-Dr.-Muhammad-Atif-Tahir-300x300.png
Not Available,Dr. Jawwad A. Shamsi,Professor & Dean,1,"PhD (CS), Wayne State University , USA",jawwad.shamsi@nu.edu.pk,Fast School Of Computing,CS,218,https://khi.nu.edu.pk/wp-content/uploads/2023/01/Dr.-Jawwad-A-Shamsi-Professor-226x300.png
Not Available,Dr. Ghufran Ahmed,Professor,1, ,ghufran.ahmed@nu.edu.pk,Fast School Of Computing,CS,233,https://khi.nu.edu.pk/wp-content/uploads/2023/02/Dr.-Ghufran-Ahmed-Associate-Professor-226x300.jpg
Not Available,Dr. Nouman Durrani,Associate Professor,1,"PhD (CS), NUCES, Karachi",muhammad.nouman@nu.edu.pk,Fast School Of Computing,CS,133,https://khi.nu.edu.pk/wp-content/uploads/2023/02/Dr.-M-Nouman-Durrani-Assistant-Professor-226x300.jpg
Not Available,Dr. Fahad Sherwani ,Assistant Professor,1,"PhD (EE), Universiti Tun Hussein Onn, Malaysia",fahad.sherwani@nu.edu.pk,Fast School Of Computing,CS,219,https://khi.nu.edu.pk/wp-content/uploads/2023/03/Mr.-Fahad-Sherwani-Assistant-Professor-226x300.jpg
Not Available,Dr. Nadeem Kafi,Assistant Professor,0, ,Assistant Professor,Fast School Of Computing,CS,131,https://khi.nu.edu.pk/wp-content/uploads/2023/02/Dr.-Nadeem-Kafi-Khan-Assistant-Professor-1-233x300.jpg
Not Available,Dr. Farrukh Hasan Syed ,Assistant Professor,1,"PhD (CS), NUCES, Karachi",farrukh.hasan@nu.edu.pk,Fast School Of Computing,CS,132,https://khi.nu.edu.pk/wp-content/uploads/2023/05/Dr.-Farrukh-Hassan-Syed-Assistant-Professor-226x300.jpg
Not Available,Dr. Farrukh Salim Shaikh,Assistant Professor,0,"PhD (CE), University of Siegen, Germany",farrukh.salim@nu.edu.pk,Fast School Of Computing,CS,167,https://khi.nu.edu.pk/wp-content/uploads/2023/05/Dr-Farrukh-Salim-Shaikh-Assistant-Professor-CS-226x300.jpg
Not Available,Dr. Nausheen Shoaib ,Assistant Professor,0,"PhD (CS), NUCES, Karachi",nausheen.shoaib@nu.edu.pk,Fast School Of Computing,CS,280,https://khi.nu.edu.pk/wp-content/uploads/2023/06/Dr-Nausheen-Shoaib-Assistant-Professor-226x300.jpg
Not Available,Dr. Aqsa Aslam ,Assistant Professor,0, ,aqsa.aslam@nu.edu.pk,Fast School Of Computing,CS,220,https://khi.nu.edu.pk/wp-content/uploads/2023/05/Dr.-Aqsa-Aslam-Assistant-Professor-233x300.jpg
Not Available,Dr. Nasir Uddin ,Assistant Professor,0, ,nasir.uddin@nu.edu.pk,Fast School Of Computing,CS,164,https://khi.nu.edu.pk/wp-content/uploads/2023/05/Dr-Nasiruddin-233x300.png
Not Available,Dr. Anam Qureshi ,Assistant Professor,0,"ME (CS&N), UET-Mehran , Jamshoro",anam.qureshi@nu.edu.pk,Fast School Of Computing,CS,231,https://khi.nu.edu.pk/wp-content/uploads/2023/05/Ms.-Anam-Qureshi-233x300.png
Not Available,Dr. Muhammad Shahzad,Assistant Professor,0,"MS (SE), FUUAST, Karachi",mshahzad@nu.edu.pk,Fast School Of Computing,CS,237,https://khi.nu.edu.pk/wp-content/uploads/2023/06/Mr.-MUhammad-Shahzad-Assistant-Professor--240x300.jpg
Not Available,Dr. Waheed Ahmed Abro (On Leave),Assistant Professor,0, ,waheedahmed@nu.edu.pk,Fast School Of Computing,CS,-,https://khi.nu.edu.pk/wp-content/uploads/2023/05/Mr.-Waheed-Ahmed-Lecturer--226x300.jpg
Not Available,Dr. Rizwan Qureshi (On Leave),Assistant Professor,0, ,rizwan.qureshi@nu.edu.pk,Fast School Of Computing,CS,-,https://khi.nu.edu.pk/wp-content/uploads/2023/05/Mr.RizwanQureshi-Lecturer-233x300.jpg
Not Available,Engr.  Abdul Rahman,Assistant Professor,0, ,abdulrahman@nu.edu.pk,Fast School Of Computing,CS,236,https://khi.nu.edu.pk/wp-content/uploads/2023/05/Abdul-Rehman-1-233x300.png
Not Available,Mr. Muhammad Jamil,Assistant Professor,0,"MS (CNC), Hamdard University, Karachi",m.jamil@nu.edu.pk,Fast School Of Computing,CS,245,https://khi.nu.edu.pk/wp-content/uploads/2023/06/Mr-Jamil-Usmani-Assistant-Professor-CS-226x300.jpg
Not Available,Ms. Rabia Tabassum,Assistant Professor,0,"MPhil (Hhydr. & Sust. Water Res. Mgmt.), University of Karachi",rabia.tabassum@nu.edu.pk,Fast School Of Computing,CS,235,https://khi.nu.edu.pk/wp-content/uploads/2023/06/Ms-Rabia-Tabassum-Assistant-Professor-CS-226x300.jpg
Not Available,Mr. Syed Kashan Hussain Naqvi,Assistant Professor,0,"ME (EE), NED-UET, Karachi",kashan.hussain@nu.edu.pk,Fast School Of Computing,CS,283,https://khi.nu.edu.pk/wp-content/uploads/2023/06/Mr-Syed-Kashan-Hussain-Naqvi-Assistant-Professor-CS-226x300.jpg
Not Available,Mr. Ubaid Aftab,Assistant Professor (Adjunct),0,"MS (IT), Monash University, Australia",ubaid.aftab@nu.edu.pk,Fast School Of Computing,CS,225,https://khi.nu.edu.pk/wp-content/uploads/2023/06/Mr.-Ubaid-Aftab-Chawla-Adjunct-Assistant-Professor--240x300.jpg
Not Available,Ms. Shahar Bano Husnine,Lecturer,0,"MS (CS), NUCES, Lahore",shahar.bano@nu.edu.pk,Fast School Of Computing,CS,220,https://khi.nu.edu.pk/wp-content/uploads/2023/06/Ms-Shaharbano-Lecturer-CS-226x300.jpg
Not Available,Mr. Shoaib Rauf,Lecturer,0,"MS (SE), Hamdard University, Karachi",shoaib.rauf@nu.edu.pk,Fast School Of Computing,CS,258,https://khi.nu.edu.pk/wp-content/uploads/2023/06/Mr-Shoaib-Rauf-Lecturer-CS-226x300.jpg
Not Available,Mr. Basit Ali,Lecturer,0,"MS (CS), NUCES, Karachi",basit.jasani@nu.edu.pk,Fast School Of Computing,CS,130,https://khi.nu.edu.pk/wp-content/uploads/2023/06/Mr-Basit-Ali-Lecturer-CS-226x300.jpg
Not Available,Mr. Syed Zain Ul Hassan,Lecturer,0,"MS (CS), NUCES, Karachi",zain.hassan@nu.edu.pk,Fast School Of Computing,CS,197,https://khi.nu.edu.pk/wp-content/uploads/2023/06/Mr.-Syed-Zain-Ul-Hassan-Lecturer-233x300.jpg
Not Available,Ms. Sobia Iftikhar,Lecturer,0,"ME (SE), UET-Mehran, Karachi",sobia.iftikhar@nu.edu.pk,Fast School Of Computing,CS,237,https://khi.nu.edu.pk/wp-content/uploads/2023/06/Ms-Sobia-Iftikhar-Lecturer-CS-226x300.jpg
Not Available,Ms. Anaum Hamid,Lecturer,0,"MS (CS&IT), NED-UET, Karachi",anaum.hamid@nu.edu.pk,Fast School Of Computing,CS,237,https://khi.nu.edu.pk/wp-content/uploads/2023/06/Anaum-Hamid-Lecturer-226x300.jpg
Not Available,Ms. Nida Munawar,Lecturer,0,"MS (CS), NUCES, Karachi",nida.munawwar@nu.edu.pk,Fast School Of Computing,CS,136,https://khi.nu.edu.pk/wp-content/uploads/2023/06/Ms-Nida-Munawar-Lecturer-CS-226x300.jpg
Not Available,Ms. Safia,Lecturer,0,"MS (CS), NUCES. Karachi",safia@nu.edu.pk,Fast School Of Computing,CS,266,https://khi.nu.edu.pk/wp-content/uploads/2023/06/Ms-Safia-Baloch-Lecturer-CS-226x300.jpg
Not Available,Ms. Sumaiyah,Lecturer,0,"MS (DS), NUCES, Karachi",sumaiyah@nu.edu.pk,Fast School Of Computing,CS,266,https://khi.nu.edu.pk/wp-content/uploads/2023/06/Ms-Sumaiyah-Zahid-Lecturer-CS-226x300.jpg
Not Available,Ms. Mubashra Fayyaz,Lecturer,0,"MS (CS), NUCES, Karachi",mubashra.fayyaz@nu.edu.pk,Fast School Of Computing,CS,172,https://khi.nu.edu.pk/wp-content/uploads/2023/06/Ms-Mubashra-Fayyaz-Lecturer-CS-226x300.jpg
Not Available,Ms. Hajra Ahmed,Lecturer,0,"ME (CS), NED-UET, Karachi",hajra.ahmed@nu.edu.pk,Fast School Of Computing,CS,142,https://khi.nu.edu.pk/wp-content/uploads/2023/06/Ms-Hajra-Ahmed-Lecturer-CS-226x300.jpg
Not Available,Mr. Aashir Mahboob,Lecturer,0,"MS (EE), NUCES, Karachi",aashir.mahboob@nu.edu.pk,Fast School Of Computing,CS,113,https://khi.nu.edu.pk/wp-content/uploads/2023/06/Mr-Aashir-Mahboob-Lecturer-226x300.jpg
Not Available,Ms. Abeeha Sattar,Lecturer,0,"MS (CS), IBA, Karachi",abeeha.sattar@nu.edu.pk,Fast School Of Computing,CS,160,https://khi.nu.edu.pk/wp-content/uploads/2023/06/Ms-Abeeha-Sattar-Lecturer-CS-226x300.jpg
Not Available,Ms. Bakhtawer,Lecturer,0,"MS (CS), NUCES, Karachi",bakhtawar.abbasi@nu.edu.pk,Fast School Of Computing,CS,136,https://khi.nu.edu.pk/wp-content/uploads/2023/06/Ms-Bakhtawer-Lecturer-CS-226x300.jpg
Not Available,Mr. Fahad Hussain,Lecturer,0,"MS (CS), Sindh Madressatul Islam University, Karachi",fahad.hussain@nu.edu.pk,Fast School Of Computing,CS,136,https://khi.nu.edu.pk/wp-content/uploads/2023/06/Fahad-Hussain-Lecturer-CS--226x300.jpg
Not Available,Ms. Javeria Farooq,Lecturer,0,"MS (CS), Bahria University, Karachi",javeria.farooq@nu.edu.pk,Fast School Of Computing,CS,220,https://khi.nu.edu.pk/wp-content/uploads/2023/06/Ms.-Javeria-Farooq-Lecturer--240x300.jpg
Not Available,Ms. Mafaza Mohi,Lecturer,0,"BE (SE), MUET, Jamshoro",mafaza.mohi@nu.edu.pk,Fast School Of Computing,CS,293,https://khi.nu.edu.pk/wp-content/uploads/2023/06/Ms.-Mafaza-Mohi-Lecturer-CS-1-226x300.jpg
Not Available,Ms. Fizza Aqeel,Lecturer,0, ,fizza.aqeel@nu.edu.pk,Fast School Of Computing,CS,153,https://khi.nu.edu.pk/wp-content/uploads/2023/06/Ms.-Fizza-Aqeel-Instructor-233x300.jpg
Not Available,Ms. Atiya Jokhio,Lecturer,0, ,atiya.jokhiyo@nu.edu.pk,Fast School Of Computing,CS,399,https://khi.nu.edu.pk/wp-content/uploads/2023/06/Ms.-Atiya-Jokhio-Lecturer-233x300.jpg
Not Available,Ms. Romasha Khurshid (On Leave),Lecturer,0, ,romasha.khurshid@nu.edu.pk,Fast School Of Computing,CS,-,https://khi.nu.edu.pk/wp-content/uploads/2023/06/Ms.-Romasha-Khurshid-Lecturer-233x300.jpg
Not Available,Mr. Musawar Ali (On Leave),Lecturer,0, ,musawar.ali@nu.edu.pk,Fast School Of Computing,CS,-,https://khi.nu.edu.pk/wp-content/uploads/2023/06/Mr.-Musawar-Ali-Jhatial-Lecturer-233x300.jpg
Not Available,Ms. Noureen Fatima,Lecturer,0,"MS (CS), IBA, Karachi",nida.munawwar@nu.edu.pk,Fast School Of Computing,CS,160,https://khi.nu.edu.pk/wp-content/uploads/2023/06/Ms-Noureen-Fatima-Lecturer-CS-226x300.jpg
Not Available,Ms. Yusra Kaleem,Lecturer,0,"MS (EE), NUST, Karachi",yusra.kaleem@nu.edu.pk,Fast School Of Computing,CS,280,https://khi.nu.edu.pk/wp-content/uploads/2023/06/Ms-Yusra-Kaleem-Lecturer-CS-226x300.jpg
Not Available,Ms. Ayesha Ali (On Leave),Lecturer,0, ,ayesha.ali@nu.edu.pk,Fast School Of Computing,CS,178,https://khi.nu.edu.pk/wp-content/uploads/2023/06/Ayesha-Ali-226x300.jpg
Not Available,Mr. Syed Faisal Ali,Lecturer,0, ,faisal.ali@nu.edu.pk,Fast School Of Computing,CS,159,https://khi.nu.edu.pk/wp-content/uploads/2023/06/Syed-Faisal-Ali-233x300.png
Not Available,Ms. Zain Noreen,Lecturer,0, ,zain.noreen@nu.edu.pk,Fast School Of Computing,CS,-,https://khi.nu.edu.pk/wp-content/uploads/2023/06/Ms.-Zain-Noreen-6825-300x300.jpg
Not Available,Mr. Muhammad Ali,Instructor,0,"MS (CNS), NUCES, Karachi",ali.musavi.shah@nu.edu.pk,Fast School Of Computing,CS,284,https://khi.nu.edu.pk/wp-content/uploads/2023/06/Muhammad-Ali-Instructor-CS--226x300.jpg
Not Available,Mr. Muhammad Monis,Lab Instructor,0,"BS (SE), UET, Karachi",muhammad.monis@nu.edu.pk,Fast School Of Computing,CS,284,https://khi.nu.edu.pk/wp-content/uploads/2023/06/Muhammad-Monis-Instructor-CS-226x300.jpg
Not Available,Mr. Shaheer Ahmad Khan,Lab Instructor,0,"BS (IT), SS-UET, Karachi",shaheer.khan@nu.edu.pk,Fast School Of Computing,CS,284,https://khi.nu.edu.pk/wp-content/uploads/2023/06/Mr.-Shaheer-Ahmad-Khan-Instructor-CS-226x300.jpg
Not Available,Mr. Shakir Hussain (On Leave),Lab Instructor,0,"BS (CS), NUCES, Karachi",shakir.hussain@nu.edu.pk,Fast School Of Computing,CS,-,https://khi.nu.edu.pk/wp-content/uploads/2023/06/Shakir-Hussain-Instructor-CS--226x300.jpg
Not Available,Mr. Yasir Arfat,Lab Instructor,0,"MCS, Arid Agriculture University, Rawalpindi",yasir.arfat@nu.edu.pk,Fast School Of Computing,CS,284,https://khi.nu.edu.pk/wp-content/uploads/2023/06/Yasir-Arfat-Instructor-226x300.jpg
Not Available,Ms. Zainab Asif Jawed,Lab Instructor,0,"BS (CS), Preston University, Karachi",zainab.asif@nu.edu.pk,Fast School Of Computing,CS,293,https://khi.nu.edu.pk/wp-content/uploads/2023/06/Zainab-Asif-Jawed-Instructor-CS--226x300.jpg
Not Available,Ms. Syeda Mahnoor Javed,Lab Instructor,0, ,mahnoor.javed@nu.edu.pk,Fast School Of Computing,CS,293,https://khi.nu.edu.pk/wp-content/uploads/2023/06/Syeda-mahnoor-233x300.png
Not Available,Mr. Shafique Rahman,Lab Instructor,0,"BS (CS), IBA, Sukkur",shafique.rehman@nu.edu.pk,Fast School Of Computing,CS,284,https://khi.nu.edu.pk/wp-content/uploads/2023/06/Mr.-Shafique-Rehman-Instructor-CS-226x300.jpg
Not Available,Ms. Fatima Gado,Instructor,0, ,fatima.gado@nu.edu.pk,Fast School Of Computing,CS,293,https://khi.nu.edu.pk/wp-content/uploads/2024/04/fatima-gado-233x300.png
Not Available,Ms. Hafiza Bushra Sattar,Instructor,0, ,bushra.sattar@nu.edu.pk,Fast School Of Computing,CS,237,https://khi.nu.edu.pk/wp-content/uploads/2024/04/Ms.-Bushra-Sattar-6806-233x300.jpg
Not Available,Mr. Muhammad Aashir,Instructor,0, ,muhammad.aashir@nu.edu.pk,Fast School Of Computing,CS,284,https://khi.nu.edu.pk/wp-content/uploads/2024/04/Muhammad-Ashir-233x300.png
Not Available,Mr. Ubaidullah,Instructor,0, ,ubaid.ullah.v@nu.edu.pk,Fast School Of Computing,CS,-,https://khi.nu.edu.pk/wp-content/uploads/2024/04/Ubaidullah-233x300.png
Not Available,Dr. Fahad Samad,"Assistant Professor, Incharge",0, ,fahad.samad@nu.edu.pk,Fast School Of Computing,Cyber Security,134,https://khi.nu.edu.pk/wp-content/uploads/2023/06/Dr.-Fahad-Samad-Assistant-Professor-Incharge-226x300.jpg
Not Available,Dr. Sufian Hameed,Associate Professor,0,PhD (CE),sufian.hameed@nu.edu.pk,Fast School Of Computing,Cyber Security,297,https://khi.nu.edu.pk/wp-content/uploads/2023/06/Dr.-Sufian-Hameed-Associate-Professor--240x300.jpg
Not Available,Dr. Shehbaz Akhtar Siddiqui,Assistant Professor,0,MS,shahbaz.siddiqui@nu.edu.pk,Fast School Of Computing,Cyber Security,132,https://khi.nu.edu.pk/wp-content/uploads/2023/06/Mr.-Shehbaz-A.-Siddiqui-Assistant-Professor--240x300.jpg
Not Available,Mr. Shoaib Raza,Lecturer,0, ,shoaib.raza@nu.edu.pk,Fast School Of Computing,Cyber Security,135,https://khi.nu.edu.pk/wp-content/uploads/2023/06/Mr.-Shoaib-Raza-Lecturer-233x300.jpg
Not Available,Ms. Rabia Ahmed Ansari,Lecturer,0, ,rabia.ansari@nu.edu.pk,Fast School Of Computing,Cyber Security,293,https://khi.nu.edu.pk/wp-content/uploads/2023/06/Ms.-Rabia-Ahmed-Lecturer-233x300.jpg
Not Available,Mr. Abuzar Zafar,Lecturer,0, ,abuzar.zafar@nu.edu.pk,Fast School Of Computing,Cyber Security,237,https://khi.nu.edu.pk/wp-content/uploads/2023/06/Mr-Abuzar-Zafar-Lecturer-CS-226x300.jpg
Not Available,Mr. Muhammad Kariz Kamal,Lecturer,0, ,kariz.kamal@nu.edu.pk,Fast School Of Computing,Cyber Security,284,https://khi.nu.edu.pk/wp-content/uploads/2023/06/Mr-Kariz-Kamal-Instructor-CS-2-226x300.jpg
Not Available,Ms. Abeer Gauher,Lecturer,0,"MS (IS), NUST, Islamabad",abeer.gauhar@nu.edu.pk,Fast School Of Computing,Cyber Security,142,https://khi.nu.edu.pk/wp-content/uploads/2023/06/Ms-Abeer-Gauher-Lecturer-CS-226x300.jpg
Not Available,Mr. Muhammad Ali Naseer Shah,Lecturer,0, ,alimusavi.shah@nu.edu.pk,Fast School Of Computing,Cyber Security,165,https://khi.nu.edu.pk/wp-content/uploads/2023/05/profile_12183908-300x300.png
Not Available,Mr. Sandesh Kumar,Lecturer,0, ,sandesh.kumar@nu.edu.pk,Fast School Of Computing,Cyber Security,172,https://khi.nu.edu.pk/wp-content/uploads/2024/04/6672-Mr.-Sandesh-Kumar-Lecturer-Cyber-Security-233x300.png
Not Available,Mr. Muhammad Nouman Rajput,Lecturer,0, ,nouman.rajput@nu.edu.pk,Fast School Of Computing,Cyber Security,287,https://khi.nu.edu.pk/wp-content/uploads/2024/04/Mr.-Muhammad-Nouman-6780-233x300.jpg
Not Available,Mr. Muhammad Usman,Lecturer,0, ,muhammadusman@nu.edu.pk,Fast School Of Computing,Cyber Security,-,https://khi.nu.edu.pk/wp-content/uploads/2024/04/Mr.-Muhammad-Usman-6831-300x300.jpg
Not Available,Mr. Muhammad Nouman Hanif,Lab Instructor,0, ,nouman.hanif@nu.edu.pk,Fast School Of Computing,Cyber Security,287,https://khi.nu.edu.pk/wp-content/uploads/2024/04/6677-Mr.-Muhammad-Nouman-Hanif-Instructor-Cyber-Security-233x300.png
Not Available,Mr. Waseem Rauf,Instructor,0, ,waseem.rauf@nu.edu.pk,Fast School Of Computing,Cyber Security,-,https://khi.nu.edu.pk/wp-content/uploads/2023/05/profile_12183908-300x300.png
Not Available,Dr. Muhammad Rafi,Associate Professor and  HOD,0, ,muhammad.rafi@nu.edu.pk,Fast School Of Computing,AI,222,https://khi.nu.edu.pk/wp-content/uploads/2023/06/Dr-Muhammad-Rafi-Associate-Professor-AI-_-DS-HOD-226x300.jpg
Not Available,Dr. Muhammad Farrukh Shahid ,Assistant Professor,0,"PhD (EE), Queen Mary University, UK",mfarrukh.shahid@nu.edu.pk,Fast School Of Computing,AI,163,https://khi.nu.edu.pk/wp-content/uploads/2023/05/Dr.-Muhammad-Farrukh-Shahid-Assistant-Professor--226x300.jpg
Not Available,Dr. Maria Siddiqua ,Assistant Professor,0, ,maria.siddiqua@nu.edu.pk,Fast School Of Computing,AI,313,https://khi.nu.edu.pk/wp-content/uploads/2024/04/Dr-Maria-Siddiqui-6779-300x300.jpg
Not Available,Dr Muhammad Waqas,Assistant Professor,0, ,waqas.sheikh@nu.edu.pk,Fast School Of Computing,AI,244,https://khi.nu.edu.pk/wp-content/uploads/2023/11/picture-white-background-croped-292x300.jpeg
Not Available,Syed Farooq Zaidi,Senior Lecturer,0, ,farooq.zaidi@nu.edu.pk,Fast School Of Computing,AI,225,https://khi.nu.edu.pk/wp-content/uploads/2023/06/Mr.-Syed-Farooq-Ahmed-Zaidi-Senior-Instructor-CS-1-226x300.jpg
Not Available,Ms. Saeeda Kanwal,Lecturer,0, ,saeeda.kanwal@nu.edu.pkk,Fast School Of Computing,AI,220,https://khi.nu.edu.pk/wp-content/uploads/2023/06/Female-Avatar-User-Woman-Customer-512-300x300.webp
Not Available,Ms. Hania Usman,Lecturer,0, ,hania.usman@nu.edu.pk,Fast School Of Computing,AI,237,https://khi.nu.edu.pk/wp-content/uploads/2023/06/Hania-Usman-Lecturer-CS-1-1-226x300.jpg
Not Available,Ms. Shazia Paras Shaikh,Lecturer,0, ,shazia.paras@nu.edu.pk,Fast School Of Computing,AI,178,https://khi.nu.edu.pk/wp-content/uploads/2023/06/Shazia-Paras-Shaikh-Lecturer-1-226x300.jpg
Not Available,Ms. Sania Urooj,Lecturer,0, ,sania.urooj@nu.edu.pk,Fast School Of Computing,AI,172,https://khi.nu.edu.pk/wp-content/uploads/2023/06/Saina-Urooj-Lecturer-CS-1-226x300.jpg
Not Available,Mr. Omer Qureshi,Lecturer,0, ,omer.qureshi@nu.edu.pk,Fast School Of Computing,AI,172,https://khi.nu.edu.pk/wp-content/uploads/2024/04/Mr.-Omer-Qureshi-233x300.jpeg
Not Available,Ms. Rafia Shaikh,Lecturer,0, ,rafia.shaikh@nu.edu.pk,Fast School Of Computing,AI,308,https://khi.nu.edu.pk/wp-content/uploads/2024/04/Ms.-Rafia-Sheikh-6784-300x300.jpg
Not Available,Mr. Syed Bilal Ahsan,Lecturer,0, ,bilal.ahsan@nu.edu.pk,Fast School Of Computing,AI,-,https://khi.nu.edu.pk/wp-content/uploads/2024/04/Mr.-Syed-Bilal-Ahsan-6845-233x300.jpg
Not Available,Mr. Sohail Ahmed,Instructor,0, ,sohailahmed@nu.edu.pk,Fast School Of Computing,AI,192,https://khi.nu.edu.pk/wp-content/uploads/2024/04/Sohail-Ahmed-221x300.png
Not Available,Ms. Mehak Mazhar,Lab Instructors,0, ,mehak.mazhar@nu.edu.pk,Fast School Of Computing,AI,293,https://khi.nu.edu.pk/wp-content/uploads/2024/04/6680-Ms.-Mehak-Instructor-Artificial-Intelligence-and-Data-Science-233x300.png
Not Available,Mr. Sameer Faisal,Lab Instructors,0, ,sameer.faisal@nu.edu.pk,Fast School Of Computing,AI,192,https://khi.nu.edu.pk/wp-content/uploads/2024/04/6702-Mr.-Sameer-Faisal-Instructor-Artificial-Intelligence-and-Data-Science-233x300.png
Not Available,Mr. Talha Shahid,Instructors,0, ,talha.shahid@nu.edu.pk,Fast School Of Computing,AI,284,https://khi.nu.edu.pk/wp-content/uploads/2024/04/Mr.-Talha-Shahid-6787-233x300.jpg
Not Available,Mr. Muhammad Khalid Khan,Instructors,0, ,mkhalid.khan@nu.edu.pk,Fast School Of Computing,AI,284,https://khi.nu.edu.pk/wp-content/uploads/2024/04/Mr.-Muhammad-Khalid-6793-233x300.jpg
Not Available,Dr. Abdul Aziz ,Associate Professor and HoD,0,PHD,abdulaziz@nu.edu.pk,Fast School Of Computing,SE,141,https://khi.nu.edu.pk/wp-content/uploads/2023/06/1902-300x296.png
Not Available,Dr. Syed Muazzam Ali Shah,HEC Approved Ph.D. Supervisor,1,PHD,muazzam.ali@nu.edu.pk,Fast School Of Computing,SE,130,https://khi.nu.edu.pk/wp-content/uploads/2023/12/My_Picture-231x300.jpg
Not Available,Ms. Iqra Fahad,Lecturer,0, ,iqra.fahad@nu.edu.pk,Fast School Of Computing,SE,237,https://khi.nu.edu.pk/wp-content/uploads/2023/06/Ms-Iqra-Fahad-Lecturer-CS-226x300.jpg
Not Available,Mr. Ali Fatimi,Lecturer,0, ,ali.shah@nu.edu.pk,Fast School Of Computing,SE,257,https://khi.nu.edu.pk/wp-content/uploads/2023/06/Mr.-Muhammad-Ali-Sah-Fatmi-Lecturer-226x300.jpg
Not Available,Ms. Naz Memon,Lecturer,0, ,naz.memon@nu.edu.pk,Fast School Of Computing,SE,160,https://khi.nu.edu.pk/wp-content/uploads/2023/06/Ms-Naz-Memon-Lecturer-CS-226x300.jpg
Not Available,Ms. Syeda Rubab,Lecturer,0, ,syeda.rubab@nu.edu.pk,Fast School Of Computing,SE,279,https://khi.nu.edu.pk/wp-content/uploads/2023/06/Ms-Syeda-Rubab-Manzar-Lecturer-CS-226x300.jpg
Not Available,Mr. Minhal Raza,Lecturer,0, ,minhal.raza@nu.edu.pk,Fast School Of Computing,SE,190,https://khi.nu.edu.pk/wp-content/uploads/2023/06/Muhammad-Minhal-Raza-Lecturer-CS--226x300.jpg
Not Available,Mr. Muhammad Nadeem,Instructor,0, ,muhammad.nadeem@nu.edu.pk,Fast School Of Computing,SE,293,https://khi.nu.edu.pk/wp-content/uploads/2023/06/Mr.-Muhammad-Nadeem-Instructor-CS-226x300.jpg
Not Available,Dr. Burhan Khan,Assistant Professor & HoD,1,"PhD (Engg.), University of Tunku Abdul Rahman, Malaysia",burhan.khan@nu.edu.pk,Department Of Elecrical Engineering,Electrical Engineering,265,https://khi.nu.edu.pk/wp-content/uploads/2023/06/Dr.-Muhammad-Burhan-Khan-Assistant-Professor-Incharge-EE-226x300.jpg
Not Available,Dr. Syed Muhammad Atif Saleem,Assistant Professor,0,"PhD (EE), University of New Brunswick, Canada",atif.saleem@nu.edu.pk,Department Of Elecrical Engineering,Electrical Engineering,272,https://khi.nu.edu.pk/wp-content/uploads/2023/06/Dr.-Syed-Muhammad-Atif-Saleem-Assistant-Professor-EE-226x300.jpg
Not Available,Dr. Haider Mehdi,Associate Professor,0,"PhD (CE), Nanyang Technological University, Singapore",haider.mehdi@nu.edu.pk,Department Of Elecrical Engineering,Electrical Engineering,286,https://khi.nu.edu.pk/wp-content/uploads/2023/06/Dr.-Haider-Mehdi-Associate-Professor-EE-226x300.jpg
Not Available,Dr. Muhammad Junaid Rabbani,Assistant Professor,0, ,junaid.rabbani@nu.edu.pk,Department Of Elecrical Engineering,Electrical Engineering,242,https://khi.nu.edu.pk/wp-content/uploads/2023/06/Mr.-Junaid-Rabbani-Assistant-Professor-EE-226x300.jpg
Not Available,Mr. M. Ahsan Khan Sunny,Assistant Professor,0,"ME (Industrial Elect.), NED-UET, Karachi",ahsan.khan@nu.edu.pk,Department Of Elecrical Engineering,Electrical Engineering,292,https://khi.nu.edu.pk/wp-content/uploads/2023/06/Mr.-Ahsan-Khan-Assistant-Professor-EE-226x300.jpg
Not Available,Mr. Muhammad Haris Mohsin,Assistant Professor,0,"ME (Elect.), NED-UET, Karachi",haris.mohsin@nu.edu.pk,Department Of Elecrical Engineering,Electrical Engineering,285,https://khi.nu.edu.pk/wp-content/uploads/2023/06/Mr.-Haris-Mohsin-Assistant-Professor-EE-226x300.jpg
Not Available,Mr. Syed Asim Mahmood,Assistant Professor,0,"MS (Engg. Mngmt.), CASE, Taxila",asim.mehmood@nu.edu.pk,Department Of Elecrical Engineering,Electrical Engineering,234,https://khi.nu.edu.pk/wp-content/uploads/2023/06/Mr-Asim-Mahmood-Assistant-Professor-796x1024-1-233x300.jpg
Not Available,Ms. Qurat ul Ain Sohail,Assistant Professor,0,"ME (Comp. Sys.), NED-UET, Karachi",quratulain@nu.edu.pk,Department Of Elecrical Engineering,Electrical Engineering,274,https://khi.nu.edu.pk/wp-content/uploads/2023/06/Ms-Qurat-ul-ain-Sohail-Assistant-Professor-770x1024-1-226x300.jpg
Not Available,Mr. Aamir Ali,Lecturer,0,"MS (EE), NUCES, Karachi",amir.ali@nu.edu.pk,Department Of Elecrical Engineering,Electrical Engineering,211,https://khi.nu.edu.pk/wp-content/uploads/2023/06/Mr-Aamir-Ali-Lecturer-770x1024-1-226x300.jpg
Not Available,Mr. Aqib Noor,Lecturer,0,"MS (E), Universiti Teknologi Malaysia, Malaysia",aqib.noor@nu.edu.pk,Department Of Elecrical Engineering,Electrical Engineering,282,https://khi.nu.edu.pk/wp-content/uploads/2023/06/Mr-Aqib-Noor-Lecturer-770x1024-1-226x300.jpg
Not Available,Mr. Zakir Hussain,Lecturer,0,"MS (EE), NUCES, Karachi",zakir.hussain@nu.edu.pk,Department Of Elecrical Engineering,Electrical Engineering,259,https://khi.nu.edu.pk/wp-content/uploads/2023/06/Mr-Zakir-Hussain-Lecturer-796x1024-1-233x300.jpg
Not Available,Ms. Maham Ghauri,Lecturer,0,"MS (EE), NED-UET, Karachi",maham.ghouri@nu.edu.pk,Department Of Elecrical Engineering,Electrical Engineering,289,https://khi.nu.edu.pk/wp-content/uploads/2023/06/Ms-Maham-Ghauri-Lecturer-770x1024-1-226x300.jpg
Not Available,Ms. Rukhsar Ali,Lecturer,0,"MS (EE), NUCES, Karachi",rukhsar.ali@nu.du.pk,Department Of Elecrical Engineering,Electrical Engineering,281,https://khi.nu.edu.pk/wp-content/uploads/2023/06/Ms-Rukhasr-Ali-Lecturer-770x1024-1-226x300.jpg
Not Available,Ms. Sadaf Ayesha,Lecturer,0,"ME (T), NED-UET, Karachi",sadaf.ayesha@nu.edu.pk,Department Of Elecrical Engineering,Electrical Engineering,121,https://khi.nu.edu.pk/wp-content/uploads/2023/06/Ms-Sadaf-Ayesha-Lecturer-770x1024-1-226x300.jpg
Not Available,Mr. Muhammad Misbah Haider Malik,Lab Engineer,0,"BS (EE), NUCES, Karachi",misbah.haider@nu.edu.pk,Department Of Elecrical Engineering,Electrical Engineering,263,https://khi.nu.edu.pk/wp-content/uploads/2023/06/Mr.-M.-Misbah-Haider-Malik-Lab-Engineer-770x1024-1-226x300.jpg
Not Available,Mr. Usama Bin Umar,Lab Engineer,0,"BS (EE), NUCES, Karachi",usama.umar@nu.edu.pk,Department Of Elecrical Engineering,Electrical Engineering,263,https://khi.nu.edu.pk/wp-content/uploads/2023/06/Mr.-Usama-Bin-Umer-Lab-Engineer-770x1024-1-226x300.jpg
Not Available,Dr. Muhammad Saad,Assistant Professor & HoD,0, ,saad.siddiqui@nu.edu.pk,Fast School Of Management,Management,124,https://khi.nu.edu.pk/wp-content/uploads/2023/06/Dr.-Muhammad-Saad-Assistant-Professor-Incharge-FSM-226x300.jpg
Not Available,Dr. Nazia Nazeer,Associate Professor,1,"PhD (Eco.), University of Malaya, Malaysia",nazia.nazeer@nu.edu.pk,Fast School Of Management,Management,271,https://khi.nu.edu.pk/wp-content/uploads/2023/06/Dr.-Nazia-Nazeer-Assistant-Professor-226x300.jpg
Not Available,Dr. Sarfaraz Ahmed Bhutto,Assistant Professor,1, ,Sarfaraz.bhutto@nu.edu.pk,Fast School Of Management,Management,301,https://khi.nu.edu.pk/wp-content/uploads/2023/11/Dr.-Sarfaraz-218x300.png
Not Available,Mr. Muhammad Ahsan,Assistant Professor,0, ,muhammad.ahsan@nu.edu.pk,Fast School Of Management,Management,278,https://khi.nu.edu.pk/wp-content/uploads/2023/06/Mr.-Muhammad-Ahsan-Assistant-Professor-240x300.jpg
Not Available,Ms. Asiya Zaheer,Lecturer,0, ,asiyazaheer@nu.edu.pk,Fast School Of Management,Management,217,https://khi.nu.edu.pk/wp-content/uploads/2023/06/Ms.-Asiya-Zaheer-Lecturer-FSM-226x300.jpg
Not Available,Mr. Micheal Hieman Simon,Lecturer,0, ,micheal.simon@nu.edu.pk,Fast School Of Management,Management,275,https://khi.nu.edu.pk/wp-content/uploads/2023/06/Mr.-Michael-Himon-Simon-Lecturer-FSM-226x300.jpg
Not Available,Dr. Syed Muhammad Fahad Riaz,Assistant Professor & Incharge (SH),1, ,fahad.riaz@nu.edu.pk,Fast School Of Sciences & Humanities,Sciences & Humanities,267,https://khi.nu.edu.pk/wp-content/uploads/2023/06/Dr.-Syed-Muhammad-Fahad-Riaz-Asst.-Professor--233x300.jpg
Not Available,Dr. Khusro Mian,Associate Professor,0,"PhD (Astro Phy.), University of Karachi",khusro.mian@nu.edu.pk,Fast School Of Sciences & Humanities,Sciences & Humanities,295,https://khi.nu.edu.pk/wp-content/uploads/2023/06/Dr.-Khusro-Mian-Associate-Professor-S_H-226x300.jpg
Not Available,Dr. Muhammad Shahzad Shaikh,Assistant Professor,0,"PhD (Islamic Stud.), University of Karachi",shahzad.shaikh@nu.edu.pk,Fast School Of Sciences & Humanities,Sciences & Humanities,248,https://khi.nu.edu.pk/wp-content/uploads/2023/06/Dr.-Muhammad-Shahzad-Shaikh-Assistant-Professor-S_H-226x300.jpg
Not Available,Dr. Nazish Kanwal,Assistant Professor,0,"PhD (M), IBA, Karachi",nazish.kanwal@nu.edu.pk,Fast School Of Sciences & Humanities,Sciences & Humanities,303,https://khi.nu.edu.pk/wp-content/uploads/2023/06/Dr.Nazish-Kanwal-Assiatant-Professor-S_H-226x300.jpg
Not Available,Dr. Shahnawaz Muhammad Khan,Assistant Professor,0,"PhD (Int. Rel.), FUUAST, Islamabad",-,Fast School Of Sciences & Humanities,Sciences & Humanities,305,https://khi.nu.edu.pk/wp-content/uploads/2023/06/Dr.-Shahnawaz-Mohammad-Khan-Assistant-Professor-S_H-226x300.jpg
Not Available,Mr. Muhammad Amjad,Assistant Professor,0,"MSc (Math), University of Karachi",muhammad.amjad@nu.edu.pk,Fast School Of Sciences & Humanities,Sciences & Humanities,261,https://khi.nu.edu.pk/wp-content/uploads/2023/06/Mr.-Muhammad-Amjad-Assistant-Professor-S_H-226x300.jpg
Not Available,Ms. Sameera Sultan,Assistant Professor,0,"MPhil (Edu.), Iqra University, Karachi",sameera.sultan@nu.edu.pk,Fast School Of Sciences & Humanities,Sciences & Humanities,128,https://khi.nu.edu.pk/wp-content/uploads/2023/06/Ms.-Sameera-Sultan-Assistant-Professor-S_H-226x300.jpg
Not Available,Ms. Alishba Tariq,Lecturer,0,"MS (Math), NED-UET, Karachi",alishba.tariq@nu.edu.pk,Fast School Of Sciences & Humanities,Sciences & Humanities,309,https://khi.nu.edu.pk/wp-content/uploads/2023/06/Ms.-Alishba-Tariq-Lecturer-S_H-226x300.jpg
Not Available,Ms. Aqsa Fayyaz,Lecturer,0,"MS (Pscy.), Bahria University, Islamabad",aqsa.fayyaz@nu.edu.pk,Fast School Of Sciences & Humanities,Sciences & Humanities,192,https://khi.nu.edu.pk/wp-content/uploads/2023/06/Ms.-Aqsa-Fayyaz-Lecturer--226x300.jpg
Not Available,Ms. Asma Masood,Lecturer,0,"MSc (Math), University of Karachi",asma.masood@nu.edu.pk,Fast School Of Sciences & Humanities,Sciences & Humanities,247,https://khi.nu.edu.pk/wp-content/uploads/2023/06/Ms.-Asma-Masood-Lecturer-S_H-226x300.jpg
Not Available,Ms. Faiza Mumtaz,Lecturer,0,"MBA (Fin.), Bahria University, Karachi",faiza.mumtaz@nu.edu.pk,Fast School Of Sciences & Humanities,Sciences & Humanities,299,https://khi.nu.edu.pk/wp-content/uploads/2023/06/Ms.-Faiza-Mumtaz-Lecturer-226x300.jpg
Not Available,Ms. Fareeha Sultan,Lecturer,0,"MSc (Math), University of Karachi",fareeha.sultan@nu.edu.pk,Fast School Of Sciences & Humanities,Sciences & Humanities,299,https://khi.nu.edu.pk/wp-content/uploads/2023/06/Ms.-Fareeha-Sultan-Lecturer-S_H-226x300.jpg
Not Available,Mr. Farhan Ali Memon,Lecturer,0,"MA (Eng.), NUML, Islamabad",farhan.ali@nu.edu.pk,Fast School Of Sciences & Humanities,Sciences & Humanities,310,https://khi.nu.edu.pk/wp-content/uploads/2023/06/Mr.-Farhan-Ali-Memon-Lecturer-S_H-226x300.jpg
Not Available,Ms. Huma Hafeez,Lecturer,0,"MPhil (App. Ling.), UMT, Lahore",huma.hafeez@nu.edu.pk,Fast School Of Sciences & Humanities,Sciences & Humanities,112,https://khi.nu.edu.pk/wp-content/uploads/2023/06/Ms.-Huma-Hafeez-Lecturer-S_H-226x300.jpg
Not Available,Ms. Javeria Ali Wadho,Lecturer,0,"MS (App. Ling.), NED UET, Karachi",javeria.ali@nu.edu.pk,Fast School Of Sciences & Humanities,Sciences & Humanities,127,https://khi.nu.edu.pk/wp-content/uploads/2023/06/Ms.-Javeria-Ali-Wadho-Lecturer-S_H-226x300.jpg
Not Available,Mr. Kashif Ahmed,Lecturer,0,"MPhil (Pak. Stud.), SALU, Khairpur",kashif.ahmed@nu.edu.pk,Fast School Of Sciences & Humanities,Sciences & Humanities,290,https://khi.nu.edu.pk/wp-content/uploads/2023/06/Mr.-Kashif-Ahmed-Lecturer-S_H-226x300.jpg
Not Available,Ms. Khadija Shereen,Lecturer,0,"MS (App. Ling.), NED-UET, Karachi",khadija.shereen@nu.edu.pk,Fast School Of Sciences & Humanities,Sciences & Humanities,127,https://khi.nu.edu.pk/wp-content/uploads/2023/06/Ms.-Hafiza-Khadija-Shereen-Lecturer-S_H-226x300.jpg
Not Available,Ms. Madiha Rehman,Lecturer,0,"MS (App. Ling.), NED UET, Karachi",madiha.rehman@nu.edu.pk,Fast School Of Sciences & Humanities,Sciences & Humanities,251,https://khi.nu.edu.pk/wp-content/uploads/2023/06/Ms.-Madiha-Rehman-Lecturer-S_H-226x300.jpg
Not Available,Mr. Maraj,Lecturer,0,"MS (Math), NED-UET, Karachi",mairaj@nu.edu.pk,Fast School Of Sciences & Humanities,Sciences & Humanities,307,https://khi.nu.edu.pk/wp-content/uploads/2023/06/Mr.-Maraj-Lecturer-S_H-226x300.jpg
Not Available,Mr. Muhammad Abdul Basit Khan,Lecturer,0,"MPhil (Math), FUUAST, Karachi",abdul.basit@nu.edu.pk,Fast School Of Sciences & Humanities,Sciences & Humanities,230,https://khi.nu.edu.pk/wp-content/uploads/2023/06/Mr.-Abdul-Basit-Khan-Lecturer-226x300.jpg
Not Available,Mr. Muhammad Hassan Saeed,Assistant Professor,0,"MPhil (Isl. Stud.), FUUAST, Karachi",hassan.saeed@nu.edu.pk,Fast School Of Sciences & Humanities,Sciences & Humanities,108,https://khi.nu.edu.pk/wp-content/uploads/2023/06/Mr.-Muhammad-Hassan-Saeed-Lecturer-1-copy-240x300.jpg
Not Available,Mr. Muhammad Shahid Ashraf,Lecturer,0,"MS (Math), IBA, Karachi",shahid.ashraf@nu.edu.pk,Fast School Of Sciences & Humanities,Sciences & Humanities,-,https://khi.nu.edu.pk/wp-content/uploads/2023/06/Muhammad-Shahid-Asharf-Lecturer-S_H-226x300.jpg
Not Available,Mr. Nadeem Khan,Lecturer,0,"MS (Math), NED-UET, Karach",nadeem.arif@nu.edu.pk,Fast School Of Sciences & Humanities,Sciences & Humanities,246,https://khi.nu.edu.pk/wp-content/uploads/2023/06/Mr.-Nadeem-Khan-Lecturer-S_H-226x300.jpg
Not Available,Ms. Nazia Imam,Lecturer,0,"MPhil (Eng.), Iqra University, Karachi",nazia.imam@nu.edu.pk,Fast School Of Sciences & Humanities,Sciences & Humanities,298,https://khi.nu.edu.pk/wp-content/uploads/2023/06/Ms.-Nazia-Imam-Lecturer-S_H-226x300.jpg
Not Available,Ms. Sharmeen Ismail,Lecturer,0,"MPhil (Eng.), University of Karachi",sharmeen.ismail@nu.edu.pk,Fast School Of Sciences & Humanities,Sciences & Humanities,251,https://khi.nu.edu.pk/wp-content/uploads/2023/06/Ms.-Sharmeen-Ismail-Lecturer-S_H-226x300.jpg
Not Available,Syed Waqar Ahmed,Lecturer,0,"MS (Phy.), LUMS, Lahore",swaqar.ahmed@nu.edu.pk,Fast School Of Sciences & Humanities,Sciences & Humanities,253,https://khi.nu.edu.pk/wp-content/uploads/2023/06/Mr.-Syed-Waqar-Ahmed-Lecturer-S_H-226x300.jpg
Not Available,Ms. Syeda Atifa Batool,Lecturer,0,"MS (App. Ling.), NED University, Karachi",atifa.batool@nu.edu.pk,Fast School Of Sciences & Humanities,Sciences & Humanities,126,https://khi.nu.edu.pk/wp-content/uploads/2023/06/Ms.-Atifa-Batool-Lecturer-S_H-226x300.jpg
